size,digits,algo,trial,elapsed,muls,adds
4,4,auto,0,0.00043540005572140217,,
4,4,schoolbook,0,0.00016679998952895403,,
4,4,karatsuba,0,0.00017310003750026226,,
4,4,strassen,0,0.00021840003319084644,,
4,4,auto,1,0.00023310002870857716,,
4,4,schoolbook,1,0.0001501999795436859,,
4,4,karatsuba,1,0.00040200003422796726,,
4,4,strassen,1,0.0002397999633103609,,
4,8,auto,0,0.0002429999876767397,,
4,8,schoolbook,0,0.00018159998580813408,,
4,8,karatsuba,0,0.00015550001990050077,,
4,8,strassen,0,0.00014509994070976973,,
4,8,auto,1,0.00019020005129277706,,
4,8,schoolbook,1,0.00013679999392479658,,
4,8,karatsuba,1,0.00014679995365440845,,
4,8,strassen,1,0.0001385000068694353,,
4,16,auto,0,,,
4,16,schoolbook,0,,,
4,16,karatsuba,0,,,
4,16,strassen,0,,,
4,16,auto,1,,,
4,16,schoolbook,1,,,
4,16,karatsuba,1,,,
4,16,strassen,1,,,
8,4,auto,0,0.0004141000099480152,,
8,4,schoolbook,0,0.00043730007018893957,,
8,4,karatsuba,0,0.0005240000318735838,,
8,4,strassen,0,0.00041589990723878145,,
8,4,auto,1,0.0006520999595522881,,
8,4,schoolbook,1,0.0004282000008970499,,
8,4,karatsuba,1,0.0003904999466612935,,
8,4,strassen,1,0.00038510002195835114,,
8,8,auto,0,0.00047770002856850624,,
8,8,schoolbook,0,0.00044410000555217266,,
8,8,karatsuba,0,0.0004056000616401434,,
8,8,strassen,0,0.0004094000905752182,,
8,8,auto,1,0.0004787000361829996,,
8,8,schoolbook,1,0.0004456000169739127,,
8,8,karatsuba,1,0.0006938999285921454,,
8,8,strassen,1,0.000687599997036159,,
8,16,auto,0,,,
8,16,schoolbook,0,,,
8,16,karatsuba,0,,,
8,16,strassen,0,,,
8,16,auto,1,,,
8,16,schoolbook,1,,,
8,16,karatsuba,1,,,
8,16,strassen,1,,,
16,4,auto,0,0.002131100045517087,,
16,4,schoolbook,0,0.002220399910584092,,
16,4,karatsuba,0,0.0021714000031352043,,
16,4,strassen,0,0.002225399948656559,,
16,4,auto,1,0.0021541001042351127,,
16,4,schoolbook,1,0.0019212999613955617,,
16,4,karatsuba,1,0.0023044999688863754,,
16,4,strassen,1,0.0021589999087154865,,
16,8,auto,0,0.00293929991312325,,
16,8,schoolbook,0,0.0020057999063283205,,
16,8,karatsuba,0,0.0020407000556588173,,
16,8,strassen,0,0.0021473999368026853,,
16,8,auto,1,0.0020972000202164054,,
16,8,schoolbook,1,0.002971000038087368,,
16,8,karatsuba,1,0.0038488999707624316,,
16,8,strassen,1,0.0028957000467926264,,
16,16,auto,0,,,
16,16,schoolbook,0,,,
16,16,karatsuba,0,,,
16,16,strassen,0,,,
16,16,auto,1,,,
16,16,schoolbook,1,,,
16,16,karatsuba,1,,,
16,16,strassen,1,,,
4,4,auto,0,,,
4,4,auto,1,,,
4,4,schoolbook,0,,,
4,4,schoolbook,1,,,
4,4,karatsuba,0,,,
4,4,karatsuba,1,,,
4,4,strassen,0,,,
4,4,strassen,1,,,
4,8,auto,0,,,
4,8,auto,1,,,
4,8,schoolbook,0,,,
4,8,schoolbook,1,,,
4,8,karatsuba,0,,,
4,8,karatsuba,1,,,
4,8,strassen,0,,,
4,8,strassen,1,,,
4,16,auto,0,,,
4,16,auto,1,,,
4,16,schoolbook,0,,,
4,16,schoolbook,1,,,
4,16,karatsuba,0,,,
4,16,karatsuba,1,,,
4,16,strassen,0,,,
4,16,strassen,1,,,
8,4,auto,0,,,
8,4,auto,1,,,
8,4,schoolbook,0,,,
8,4,schoolbook,1,,,
8,4,karatsuba,0,,,
8,4,karatsuba,1,,,
8,4,strassen,0,,,
8,4,strassen,1,,,
8,8,auto,0,,,
8,8,auto,1,,,
8,8,schoolbook,0,,,
8,8,schoolbook,1,,,
8,8,karatsuba,0,,,
8,8,karatsuba,1,,,
8,8,strassen,0,,,
8,8,strassen,1,,,
8,16,auto,0,,,
8,16,auto,1,,,
8,16,schoolbook,0,,,
8,16,schoolbook,1,,,
8,16,karatsuba,0,,,
8,16,karatsuba,1,,,
8,16,strassen,0,,,
8,16,strassen,1,,,
16,4,auto,0,,,
16,4,auto,1,,,
16,4,schoolbook,0,,,
16,4,schoolbook,1,,,
16,4,karatsuba,0,,,
16,4,karatsuba,1,,,
16,4,strassen,0,,,
16,4,strassen,1,,,
16,8,auto,0,,,
16,8,auto,1,,,
16,8,schoolbook,0,,,
16,8,schoolbook,1,,,
16,8,karatsuba,0,,,
16,8,karatsuba,1,,,
16,8,strassen,0,,,
16,8,strassen,1,,,
16,16,auto,0,,,
16,16,auto,1,,,
16,16,schoolbook,0,,,
16,16,schoolbook,1,,,
16,16,karatsuba,0,,,
16,16,karatsuba,1,,,
16,16,strassen,0,,,
16,16,strassen,1,,,
4,4,auto,0,,,
4,4,auto,1,,,
4,4,schoolbook,0,,,
4,4,schoolbook,1,,,
4,4,karatsuba,0,,,
4,4,karatsuba,1,,,
4,4,strassen,0,,,
4,4,strassen,1,,,
4,4,numba,0,8.499994874000549e-05,,
4,4,numba,1,0.00013569998554885387,,
4,8,auto,0,,,
4,8,auto,1,,,
4,8,schoolbook,0,,,
4,8,schoolbook,1,,,
4,8,karatsuba,0,,,
4,8,karatsuba,1,,,
4,8,strassen,0,,,
4,8,strassen,1,,,
4,8,numba,0,0.00015330000314861536,,
4,8,numba,1,8.649996016174555e-05,,
4,16,auto,0,,,
4,16,auto,1,,,
4,16,schoolbook,0,,,
4,16,schoolbook,1,,,
4,16,karatsuba,0,,,
4,16,karatsuba,1,,,
4,16,strassen,0,,,
4,16,strassen,1,,,
4,16,numba,0,0.00010170007590204477,,
4,16,numba,1,0.0001007000682875514,,
8,4,auto,0,,,
8,4,auto,1,,,
8,4,schoolbook,0,,,
8,4,schoolbook,1,,,
8,4,karatsuba,0,,,
8,4,karatsuba,1,,,
8,4,strassen,0,,,
8,4,strassen,1,,,
8,4,numba,0,0.0016500999918207526,,
8,4,numba,1,0.00010389997623860836,,
8,8,auto,0,,,
8,8,auto,1,,,
8,8,schoolbook,0,,,
8,8,schoolbook,1,,,
8,8,karatsuba,0,,,
8,8,karatsuba,1,,,
8,8,strassen,0,,,
8,8,strassen,1,,,
8,8,numba,0,0.0002028000308200717,,
8,8,numba,1,0.00010539998766034842,,
8,16,auto,0,,,
8,16,auto,1,,,
8,16,schoolbook,0,,,
8,16,schoolbook,1,,,
8,16,karatsuba,0,,,
8,16,karatsuba,1,,,
8,16,strassen,0,,,
8,16,strassen,1,,,
8,16,numba,0,8.709996473044157e-05,,
8,16,numba,1,0.00012069998774677515,,
16,4,auto,0,,,
16,4,auto,1,,,
16,4,schoolbook,0,,,
16,4,schoolbook,1,,,
16,4,karatsuba,0,,,
16,4,karatsuba,1,,,
16,4,strassen,0,,,
16,4,strassen,1,,,
16,4,numba,0,1.5031943999929354,,
16,4,numba,1,1.7191105000674725,,
16,8,auto,0,,,
16,8,auto,1,,,
16,8,schoolbook,0,,,
16,8,schoolbook,1,,,
16,8,karatsuba,0,,,
16,8,karatsuba,1,,,
16,8,strassen,0,,,
16,8,strassen,1,,,
16,8,numba,0,1.5929136000340804,,
16,8,numba,1,1.5277789999963716,,
16,16,auto,0,,,
16,16,auto,1,,,
16,16,schoolbook,0,,,
16,16,schoolbook,1,,,
16,16,karatsuba,0,,,
16,16,karatsuba,1,,,
16,16,strassen,0,,,
16,16,strassen,1,,,
16,16,numba,0,1.456255599972792,,
16,16,numba,1,1.5024274999741465,,
4,4,auto,0,nan,,
4,4,auto,1,nan,,
4,4,schoolbook,0,nan,,
4,4,schoolbook,1,nan,,
4,4,karatsuba,0,nan,,
4,4,karatsuba,1,nan,,
4,4,strassen,0,nan,,
4,4,strassen,1,nan,,
4,8,auto,0,nan,,
4,8,auto,1,nan,,
4,8,schoolbook,0,nan,,
4,8,schoolbook,1,nan,,
4,8,karatsuba,0,nan,,
4,8,karatsuba,1,nan,,
4,8,strassen,0,nan,,
4,8,strassen,1,nan,,
4,16,auto,0,nan,,
4,16,auto,1,nan,,
4,16,schoolbook,0,nan,,
4,16,schoolbook,1,nan,,
4,16,karatsuba,0,nan,,
4,16,karatsuba,1,nan,,
4,16,strassen,0,nan,,
4,16,strassen,1,nan,,
8,4,auto,0,nan,,
8,4,auto,1,nan,,
8,4,schoolbook,0,nan,,
8,4,schoolbook,1,nan,,
8,4,karatsuba,0,nan,,
8,4,karatsuba,1,nan,,
8,4,strassen,0,nan,,
8,4,strassen,1,nan,,
8,8,auto,0,nan,,
8,8,auto,1,nan,,
8,8,schoolbook,0,nan,,
8,8,schoolbook,1,nan,,
8,8,karatsuba,0,nan,,
8,8,karatsuba,1,nan,,
8,8,strassen,0,nan,,
8,8,strassen,1,nan,,
8,16,auto,0,nan,,
8,16,auto,1,nan,,
8,16,schoolbook,0,nan,,
8,16,schoolbook,1,nan,,
8,16,karatsuba,0,nan,,
8,16,karatsuba,1,nan,,
8,16,strassen,0,nan,,
8,16,strassen,1,nan,,
16,4,auto,0,nan,,
16,4,auto,1,nan,,
16,4,schoolbook,0,nan,,
16,4,schoolbook,1,nan,,
16,4,karatsuba,0,nan,,
16,4,karatsuba,1,nan,,
16,4,strassen,0,nan,,
16,4,strassen,1,nan,,
16,8,auto,0,nan,,
16,8,auto,1,nan,,
16,8,schoolbook,0,nan,,
16,8,schoolbook,1,nan,,
16,8,karatsuba,0,nan,,
16,8,karatsuba,1,nan,,
16,8,strassen,0,nan,,
16,8,strassen,1,nan,,
16,16,auto,0,nan,,
16,16,auto,1,nan,,
16,16,schoolbook,0,nan,,
16,16,schoolbook,1,nan,,
16,16,karatsuba,0,nan,,
16,16,karatsuba,1,nan,,
16,16,strassen,0,nan,,
16,16,strassen,1,nan,,
4,4,auto,0,nan,,
4,4,auto,1,nan,,
4,4,schoolbook,0,nan,,
4,4,schoolbook,1,nan,,
4,4,karatsuba,0,nan,,
4,4,karatsuba,1,nan,,
4,4,strassen,0,nan,,
4,4,strassen,1,nan,,
4,4,numba,0,nan,,
4,4,numba,1,nan,,
4,8,auto,0,nan,,
4,8,auto,1,nan,,
4,8,schoolbook,0,nan,,
4,8,schoolbook,1,nan,,
4,8,karatsuba,0,nan,,
4,8,karatsuba,1,nan,,
4,8,strassen,0,nan,,
4,8,strassen,1,nan,,
4,8,numba,0,nan,,
4,8,numba,1,nan,,
4,16,auto,0,nan,,
4,16,auto,1,nan,,
4,16,schoolbook,0,nan,,
4,16,schoolbook,1,nan,,
4,16,karatsuba,0,nan,,
4,16,karatsuba,1,nan,,
4,16,strassen,0,nan,,
4,16,strassen,1,nan,,
4,16,numba,0,nan,,
4,16,numba,1,nan,,
8,4,auto,0,nan,,
8,4,auto,1,nan,,
8,4,schoolbook,0,nan,,
8,4,schoolbook,1,nan,,
8,4,karatsuba,0,nan,,
8,4,karatsuba,1,nan,,
8,4,strassen,0,nan,,
8,4,strassen,1,nan,,
8,4,numba,0,nan,,
8,4,numba,1,nan,,
8,8,auto,0,nan,,
8,8,auto,1,nan,,
8,8,schoolbook,0,nan,,
8,8,schoolbook,1,nan,,
8,8,karatsuba,0,nan,,
8,8,karatsuba,1,nan,,
8,8,strassen,0,nan,,
8,8,strassen,1,nan,,
8,8,numba,0,nan,,
8,8,numba,1,nan,,
8,16,auto,0,nan,,
8,16,auto,1,nan,,
8,16,schoolbook,0,nan,,
8,16,schoolbook,1,nan,,
8,16,karatsuba,0,nan,,
8,16,karatsuba,1,nan,,
8,16,strassen,0,nan,,
8,16,strassen,1,nan,,
8,16,numba,0,nan,,
8,16,numba,1,nan,,
16,4,auto,0,nan,,
16,4,auto,1,nan,,
16,4,schoolbook,0,nan,,
16,4,schoolbook,1,nan,,
16,4,karatsuba,0,nan,,
16,4,karatsuba,1,nan,,
16,4,strassen,0,nan,,
16,4,strassen,1,nan,,
16,4,numba,0,nan,,
16,4,numba,1,nan,,
16,8,auto,0,nan,,
16,8,auto,1,nan,,
16,8,schoolbook,0,nan,,
16,8,schoolbook,1,nan,,
16,8,karatsuba,0,nan,,
16,8,karatsuba,1,nan,,
16,8,strassen,0,nan,,
16,8,strassen,1,nan,,
16,8,numba,0,nan,,
16,8,numba,1,nan,,
16,16,auto,0,nan,,
16,16,auto,1,nan,,
16,16,schoolbook,0,nan,,
16,16,schoolbook,1,nan,,
16,16,karatsuba,0,nan,,
16,16,karatsuba,1,nan,,
16,16,strassen,0,nan,,
16,16,strassen,1,nan,,
16,16,numba,0,nan,,
16,16,numba,1,nan,,
4,4,auto,0,,,
4,4,auto,1,,,
4,4,schoolbook,0,,,
4,4,schoolbook,1,,,
4,4,karatsuba,0,,,
4,4,karatsuba,1,,,
4,4,strassen,0,,,
4,4,strassen,1,,,
4,8,auto,0,,,
4,8,auto,1,,,
4,8,schoolbook,0,,,
4,8,schoolbook,1,,,
4,8,karatsuba,0,,,
4,8,karatsuba,1,,,
4,8,strassen,0,,,
4,8,strassen,1,,,
4,16,auto,0,,,
4,16,auto,1,,,
4,16,schoolbook,0,,,
4,16,schoolbook,1,,,
4,16,karatsuba,0,,,
4,16,karatsuba,1,,,
4,16,strassen,0,,,
4,16,strassen,1,,,
8,4,auto,0,,,
8,4,auto,1,,,
8,4,schoolbook,0,,,
8,4,schoolbook,1,,,
8,4,karatsuba,0,,,
8,4,karatsuba,1,,,
8,4,strassen,0,,,
8,4,strassen,1,,,
8,8,auto,0,,,
8,8,auto,1,,,
8,8,schoolbook,0,,,
8,8,schoolbook,1,,,
8,8,karatsuba,0,,,
8,8,karatsuba,1,,,
8,8,strassen,0,,,
8,8,strassen,1,,,
8,16,auto,0,,,
8,16,auto,1,,,
8,16,schoolbook,0,,,
8,16,schoolbook,1,,,
8,16,karatsuba,0,,,
8,16,karatsuba,1,,,
8,16,strassen,0,,,
8,16,strassen,1,,,
16,4,auto,0,,,
16,4,auto,1,,,
16,4,schoolbook,0,,,
16,4,schoolbook,1,,,
16,4,karatsuba,0,,,
16,4,karatsuba,1,,,
16,4,strassen,0,,,
16,4,strassen,1,,,
16,8,auto,0,,,
16,8,auto,1,,,
16,8,schoolbook,0,,,
16,8,schoolbook,1,,,
16,8,karatsuba,0,,,
16,8,karatsuba,1,,,
16,8,strassen,0,,,
16,8,strassen,1,,,
16,16,auto,0,,,
16,16,auto,1,,,
16,16,schoolbook,0,,,
16,16,schoolbook,1,,,
16,16,karatsuba,0,,,
16,16,karatsuba,1,,,
16,16,strassen,0,,,
16,16,strassen,1,,,
4,4,auto,0,0.0003888999344781041,,,"call failed (TypeError): int() argument must be a string, a bytes-like object or a real number, not 'list'; tried: ['decimal_gemm_naive(A,B, mul_algo=..., cutoff=..., return_counters=True)', 'decimal_gemm_naive(A,B, mul_algo=..., cutoff=...)', 'decimal_gemm_naive(A,B)']"
4,4,auto,1,0.00020020001102238894,,,"call failed (TypeError): int() argument must be a string, a bytes-like object or a real number, not 'list'; tried: ['decimal_gemm_naive(A,B, mul_algo=..., cutoff=..., return_counters=True)', 'decimal_gemm_naive(A,B, mul_algo=..., cutoff=...)', 'decimal_gemm_naive(A,B)']"
4,4,schoolbook,0,7.979990914463997e-05,,,"call failed (TypeError): int() argument must be a string, a bytes-like object or a real number, not 'list'; tried: ['decimal_gemm_naive(A,B, mul_algo=..., cutoff=..., return_counters=True)', 'decimal_gemm_naive(A,B, mul_algo=..., cutoff=...)', 'decimal_gemm_naive(A,B)']"
4,4,schoolbook,1,0.00011110003106296062,,,"call failed (TypeError): int() argument must be a string, a bytes-like object or a real number, not 'list'; tried: ['decimal_gemm_naive(A,B, mul_algo=..., cutoff=..., return_counters=True)', 'decimal_gemm_naive(A,B, mul_algo=..., cutoff=...)', 'decimal_gemm_naive(A,B)']"
4,4,karatsuba,0,8.940009865909815e-05,,,"call failed (TypeError): int() argument must be a string, a bytes-like object or a real number, not 'list'; tried: ['decimal_gemm_naive(A,B, mul_algo=..., cutoff=..., return_counters=True)', 'decimal_gemm_naive(A,B, mul_algo=..., cutoff=...)', 'decimal_gemm_naive(A,B)']"
4,4,karatsuba,1,9.680003859102726e-05,,,"call failed (TypeError): int() argument must be a string, a bytes-like object or a real number, not 'list'; tried: ['decimal_gemm_naive(A,B, mul_algo=..., cutoff=..., return_counters=True)', 'decimal_gemm_naive(A,B, mul_algo=..., cutoff=...)', 'decimal_gemm_naive(A,B)']"
4,4,strassen,0,7.509998977184296e-05,,,"call failed (TypeError): int() argument must be a string, a bytes-like object or a real number, not 'list'; tried: ['decimal_gemm_naive(A,B, mul_algo=..., cutoff=..., return_counters=True)', 'decimal_gemm_naive(A,B, mul_algo=..., cutoff=...)', 'decimal_gemm_naive(A,B)']"
4,4,strassen,1,6.150000263005495e-05,,,"call failed (TypeError): int() argument must be a string, a bytes-like object or a real number, not 'list'; tried: ['decimal_gemm_naive(A,B, mul_algo=..., cutoff=..., return_counters=True)', 'decimal_gemm_naive(A,B, mul_algo=..., cutoff=...)', 'decimal_gemm_naive(A,B)']"
4,4,numba,0,2.900022082030773e-06,,,"call failed (ValueError): Unknown mul_algo: 'numba'; tried: ['decimal_gemm_naive(A,B, mul_algo=..., cutoff=..., return_counters=True)']"
4,4,numba,1,2.500019036233425e-06,,,"call failed (ValueError): Unknown mul_algo: 'numba'; tried: ['decimal_gemm_naive(A,B, mul_algo=..., cutoff=..., return_counters=True)']"
4,8,auto,0,0.00019949988927692175,,,"call failed (TypeError): int() argument must be a string, a bytes-like object or a real number, not 'list'; tried: ['decimal_gemm_naive(A,B, mul_algo=..., cutoff=..., return_counters=True)', 'decimal_gemm_naive(A,B, mul_algo=..., cutoff=...)', 'decimal_gemm_naive(A,B)']"
4,8,auto,1,0.0002028000308200717,,,"call failed (TypeError): int() argument must be a string, a bytes-like object or a real number, not 'list'; tried: ['decimal_gemm_naive(A,B, mul_algo=..., cutoff=..., return_counters=True)', 'decimal_gemm_naive(A,B, mul_algo=..., cutoff=...)', 'decimal_gemm_naive(A,B)']"
4,8,schoolbook,0,7.11000757291913e-05,,,"call failed (TypeError): int() argument must be a string, a bytes-like object or a real number, not 'list'; tried: ['decimal_gemm_naive(A,B, mul_algo=..., cutoff=..., return_counters=True)', 'decimal_gemm_naive(A,B, mul_algo=..., cutoff=...)', 'decimal_gemm_naive(A,B)']"
4,8,schoolbook,1,6.679992657154799e-05,,,"call failed (TypeError): int() argument must be a string, a bytes-like object or a real number, not 'list'; tried: ['decimal_gemm_naive(A,B, mul_algo=..., cutoff=..., return_counters=True)', 'decimal_gemm_naive(A,B, mul_algo=..., cutoff=...)', 'decimal_gemm_naive(A,B)']"
4,8,karatsuba,0,6.720004603266716e-05,,,"call failed (TypeError): int() argument must be a string, a bytes-like object or a real number, not 'list'; tried: ['decimal_gemm_naive(A,B, mul_algo=..., cutoff=..., return_counters=True)', 'decimal_gemm_naive(A,B, mul_algo=..., cutoff=...)', 'decimal_gemm_naive(A,B)']"
4,8,karatsuba,1,6.580003537237644e-05,,,"call failed (TypeError): int() argument must be a string, a bytes-like object or a real number, not 'list'; tried: ['decimal_gemm_naive(A,B, mul_algo=..., cutoff=..., return_counters=True)', 'decimal_gemm_naive(A,B, mul_algo=..., cutoff=...)', 'decimal_gemm_naive(A,B)']"
4,8,strassen,0,6.38000201433897e-05,,,"call failed (TypeError): int() argument must be a string, a bytes-like object or a real number, not 'list'; tried: ['decimal_gemm_naive(A,B, mul_algo=..., cutoff=..., return_counters=True)', 'decimal_gemm_naive(A,B, mul_algo=..., cutoff=...)', 'decimal_gemm_naive(A,B)']"
4,8,strassen,1,6.530003156512976e-05,,,"call failed (TypeError): int() argument must be a string, a bytes-like object or a real number, not 'list'; tried: ['decimal_gemm_naive(A,B, mul_algo=..., cutoff=..., return_counters=True)', 'decimal_gemm_naive(A,B, mul_algo=..., cutoff=...)', 'decimal_gemm_naive(A,B)']"
4,8,numba,0,3.400025889277458e-06,,,"call failed (ValueError): Unknown mul_algo: 'numba'; tried: ['decimal_gemm_naive(A,B, mul_algo=..., cutoff=..., return_counters=True)']"
4,8,numba,1,5.800044164061546e-06,,,"call failed (ValueError): Unknown mul_algo: 'numba'; tried: ['decimal_gemm_naive(A,B, mul_algo=..., cutoff=..., return_counters=True)']"
4,16,auto,0,0.00034740008413791656,,,"call failed (TypeError): int() argument must be a string, a bytes-like object or a real number, not 'list'; tried: ['decimal_gemm_naive(A,B, mul_algo=..., cutoff=..., return_counters=True)', 'decimal_gemm_naive(A,B, mul_algo=..., cutoff=...)', 'decimal_gemm_naive(A,B)']"
4,16,auto,1,0.00018740002997219563,,,"call failed (TypeError): int() argument must be a string, a bytes-like object or a real number, not 'list'; tried: ['decimal_gemm_naive(A,B, mul_algo=..., cutoff=..., return_counters=True)', 'decimal_gemm_naive(A,B, mul_algo=..., cutoff=...)', 'decimal_gemm_naive(A,B)']"
4,16,schoolbook,0,7.140007801353931e-05,,,"call failed (TypeError): int() argument must be a string, a bytes-like object or a real number, not 'list'; tried: ['decimal_gemm_naive(A,B, mul_algo=..., cutoff=..., return_counters=True)', 'decimal_gemm_naive(A,B, mul_algo=..., cutoff=...)', 'decimal_gemm_naive(A,B)']"
4,16,schoolbook,1,7.429998368024826e-05,,,"call failed (TypeError): int() argument must be a string, a bytes-like object or a real number, not 'list'; tried: ['decimal_gemm_naive(A,B, mul_algo=..., cutoff=..., return_counters=True)', 'decimal_gemm_naive(A,B, mul_algo=..., cutoff=...)', 'decimal_gemm_naive(A,B)']"
4,16,karatsuba,0,7.419998291879892e-05,,,"call failed (TypeError): int() argument must be a string, a bytes-like object or a real number, not 'list'; tried: ['decimal_gemm_naive(A,B, mul_algo=..., cutoff=..., return_counters=True)', 'decimal_gemm_naive(A,B, mul_algo=..., cutoff=...)', 'decimal_gemm_naive(A,B)']"
4,16,karatsuba,1,8.649996016174555e-05,,,"call failed (TypeError): int() argument must be a string, a bytes-like object or a real number, not 'list'; tried: ['decimal_gemm_naive(A,B, mul_algo=..., cutoff=..., return_counters=True)', 'decimal_gemm_naive(A,B, mul_algo=..., cutoff=...)', 'decimal_gemm_naive(A,B)']"
4,16,strassen,0,8.25000461190939e-05,,,"call failed (TypeError): int() argument must be a string, a bytes-like object or a real number, not 'list'; tried: ['decimal_gemm_naive(A,B, mul_algo=..., cutoff=..., return_counters=True)', 'decimal_gemm_naive(A,B, mul_algo=..., cutoff=...)', 'decimal_gemm_naive(A,B)']"
4,16,strassen,1,0.00011070002801716328,,,"call failed (TypeError): int() argument must be a string, a bytes-like object or a real number, not 'list'; tried: ['decimal_gemm_naive(A,B, mul_algo=..., cutoff=..., return_counters=True)', 'decimal_gemm_naive(A,B, mul_algo=..., cutoff=...)', 'decimal_gemm_naive(A,B)']"
4,16,numba,0,2.900022082030773e-06,,,"call failed (ValueError): Unknown mul_algo: 'numba'; tried: ['decimal_gemm_naive(A,B, mul_algo=..., cutoff=..., return_counters=True)']"
4,16,numba,1,2.400018274784088e-06,,,"call failed (ValueError): Unknown mul_algo: 'numba'; tried: ['decimal_gemm_naive(A,B, mul_algo=..., cutoff=..., return_counters=True)']"
8,4,auto,0,0.0002886999864131212,,,"call failed (TypeError): int() argument must be a string, a bytes-like object or a real number, not 'list'; tried: ['decimal_gemm_naive(A,B, mul_algo=..., cutoff=..., return_counters=True)', 'decimal_gemm_naive(A,B, mul_algo=..., cutoff=...)', 'decimal_gemm_naive(A,B)']"
8,4,auto,1,0.00021930004004389048,,,"call failed (TypeError): int() argument must be a string, a bytes-like object or a real number, not 'list'; tried: ['decimal_gemm_naive(A,B, mul_algo=..., cutoff=..., return_counters=True)', 'decimal_gemm_naive(A,B, mul_algo=..., cutoff=...)', 'decimal_gemm_naive(A,B)']"
8,4,schoolbook,0,0.000174800050444901,,,"call failed (TypeError): int() argument must be a string, a bytes-like object or a real number, not 'list'; tried: ['decimal_gemm_naive(A,B, mul_algo=..., cutoff=..., return_counters=True)', 'decimal_gemm_naive(A,B, mul_algo=..., cutoff=...)', 'decimal_gemm_naive(A,B)']"
8,4,schoolbook,1,8.310005068778992e-05,,,"call failed (TypeError): int() argument must be a string, a bytes-like object or a real number, not 'list'; tried: ['decimal_gemm_naive(A,B, mul_algo=..., cutoff=..., return_counters=True)', 'decimal_gemm_naive(A,B, mul_algo=..., cutoff=...)', 'decimal_gemm_naive(A,B)']"
8,4,karatsuba,0,8.9599983766675e-05,,,"call failed (TypeError): int() argument must be a string, a bytes-like object or a real number, not 'list'; tried: ['decimal_gemm_naive(A,B, mul_algo=..., cutoff=..., return_counters=True)', 'decimal_gemm_naive(A,B, mul_algo=..., cutoff=...)', 'decimal_gemm_naive(A,B)']"
8,4,karatsuba,1,6.240000948309898e-05,,,"call failed (TypeError): int() argument must be a string, a bytes-like object or a real number, not 'list'; tried: ['decimal_gemm_naive(A,B, mul_algo=..., cutoff=..., return_counters=True)', 'decimal_gemm_naive(A,B, mul_algo=..., cutoff=...)', 'decimal_gemm_naive(A,B)']"
8,4,strassen,0,0.00010040006600320339,,,"call failed (TypeError): int() argument must be a string, a bytes-like object or a real number, not 'list'; tried: ['decimal_gemm_naive(A,B, mul_algo=..., cutoff=..., return_counters=True)', 'decimal_gemm_naive(A,B, mul_algo=..., cutoff=...)', 'decimal_gemm_naive(A,B)']"
8,4,strassen,1,8.759996853768826e-05,,,"call failed (TypeError): int() argument must be a string, a bytes-like object or a real number, not 'list'; tried: ['decimal_gemm_naive(A,B, mul_algo=..., cutoff=..., return_counters=True)', 'decimal_gemm_naive(A,B, mul_algo=..., cutoff=...)', 'decimal_gemm_naive(A,B)']"
8,4,numba,0,2.499902620911598e-06,,,"call failed (ValueError): Unknown mul_algo: 'numba'; tried: ['decimal_gemm_naive(A,B, mul_algo=..., cutoff=..., return_counters=True)']"
8,4,numba,1,2.00001522898674e-06,,,"call failed (ValueError): Unknown mul_algo: 'numba'; tried: ['decimal_gemm_naive(A,B, mul_algo=..., cutoff=..., return_counters=True)']"
8,8,auto,0,0.00025889999233186245,,,"call failed (TypeError): int() argument must be a string, a bytes-like object or a real number, not 'list'; tried: ['decimal_gemm_naive(A,B, mul_algo=..., cutoff=..., return_counters=True)', 'decimal_gemm_naive(A,B, mul_algo=..., cutoff=...)', 'decimal_gemm_naive(A,B)']"
8,8,auto,1,0.00020899996161460876,,,"call failed (TypeError): int() argument must be a string, a bytes-like object or a real number, not 'list'; tried: ['decimal_gemm_naive(A,B, mul_algo=..., cutoff=..., return_counters=True)', 'decimal_gemm_naive(A,B, mul_algo=..., cutoff=...)', 'decimal_gemm_naive(A,B)']"
8,8,schoolbook,0,9.979994501918554e-05,,,"call failed (TypeError): int() argument must be a string, a bytes-like object or a real number, not 'list'; tried: ['decimal_gemm_naive(A,B, mul_algo=..., cutoff=..., return_counters=True)', 'decimal_gemm_naive(A,B, mul_algo=..., cutoff=...)', 'decimal_gemm_naive(A,B)']"
8,8,schoolbook,1,8.300004992634058e-05,,,"call failed (TypeError): int() argument must be a string, a bytes-like object or a real number, not 'list'; tried: ['decimal_gemm_naive(A,B, mul_algo=..., cutoff=..., return_counters=True)', 'decimal_gemm_naive(A,B, mul_algo=..., cutoff=...)', 'decimal_gemm_naive(A,B)']"
8,8,karatsuba,0,0.00017180002760142088,,,"call failed (TypeError): int() argument must be a string, a bytes-like object or a real number, not 'list'; tried: ['decimal_gemm_naive(A,B, mul_algo=..., cutoff=..., return_counters=True)', 'decimal_gemm_naive(A,B, mul_algo=..., cutoff=...)', 'decimal_gemm_naive(A,B)']"
8,8,karatsuba,1,0.0001186000881716609,,,"call failed (TypeError): int() argument must be a string, a bytes-like object or a real number, not 'list'; tried: ['decimal_gemm_naive(A,B, mul_algo=..., cutoff=..., return_counters=True)', 'decimal_gemm_naive(A,B, mul_algo=..., cutoff=...)', 'decimal_gemm_naive(A,B)']"
8,8,strassen,0,0.00010390009265393019,,,"call failed (TypeError): int() argument must be a string, a bytes-like object or a real number, not 'list'; tried: ['decimal_gemm_naive(A,B, mul_algo=..., cutoff=..., return_counters=True)', 'decimal_gemm_naive(A,B, mul_algo=..., cutoff=...)', 'decimal_gemm_naive(A,B)']"
8,8,strassen,1,6.930006202310324e-05,,,"call failed (TypeError): int() argument must be a string, a bytes-like object or a real number, not 'list'; tried: ['decimal_gemm_naive(A,B, mul_algo=..., cutoff=..., return_counters=True)', 'decimal_gemm_naive(A,B, mul_algo=..., cutoff=...)', 'decimal_gemm_naive(A,B)']"
8,8,numba,0,4.700035788118839e-06,,,"call failed (ValueError): Unknown mul_algo: 'numba'; tried: ['decimal_gemm_naive(A,B, mul_algo=..., cutoff=..., return_counters=True)']"
8,8,numba,1,5.499925464391708e-06,,,"call failed (ValueError): Unknown mul_algo: 'numba'; tried: ['decimal_gemm_naive(A,B, mul_algo=..., cutoff=..., return_counters=True)']"
8,16,auto,0,0.0003842000151053071,,,"call failed (TypeError): int() argument must be a string, a bytes-like object or a real number, not 'list'; tried: ['decimal_gemm_naive(A,B, mul_algo=..., cutoff=..., return_counters=True)', 'decimal_gemm_naive(A,B, mul_algo=..., cutoff=...)', 'decimal_gemm_naive(A,B)']"
8,16,auto,1,0.00021359999664127827,,,"call failed (TypeError): int() argument must be a string, a bytes-like object or a real number, not 'list'; tried: ['decimal_gemm_naive(A,B, mul_algo=..., cutoff=..., return_counters=True)', 'decimal_gemm_naive(A,B, mul_algo=..., cutoff=...)', 'decimal_gemm_naive(A,B)']"
8,16,schoolbook,0,0.00011539994738996029,,,"call failed (TypeError): int() argument must be a string, a bytes-like object or a real number, not 'list'; tried: ['decimal_gemm_naive(A,B, mul_algo=..., cutoff=..., return_counters=True)', 'decimal_gemm_naive(A,B, mul_algo=..., cutoff=...)', 'decimal_gemm_naive(A,B)']"
8,16,schoolbook,1,8.169992361217737e-05,,,"call failed (TypeError): int() argument must be a string, a bytes-like object or a real number, not 'list'; tried: ['decimal_gemm_naive(A,B, mul_algo=..., cutoff=..., return_counters=True)', 'decimal_gemm_naive(A,B, mul_algo=..., cutoff=...)', 'decimal_gemm_naive(A,B)']"
8,16,karatsuba,0,8.770008571445942e-05,,,"call failed (TypeError): int() argument must be a string, a bytes-like object or a real number, not 'list'; tried: ['decimal_gemm_naive(A,B, mul_algo=..., cutoff=..., return_counters=True)', 'decimal_gemm_naive(A,B, mul_algo=..., cutoff=...)', 'decimal_gemm_naive(A,B)']"
8,16,karatsuba,1,0.0001284000463783741,,,"call failed (TypeError): int() argument must be a string, a bytes-like object or a real number, not 'list'; tried: ['decimal_gemm_naive(A,B, mul_algo=..., cutoff=..., return_counters=True)', 'decimal_gemm_naive(A,B, mul_algo=..., cutoff=...)', 'decimal_gemm_naive(A,B)']"
8,16,strassen,0,0.0001677999971434474,,,"call failed (TypeError): int() argument must be a string, a bytes-like object or a real number, not 'list'; tried: ['decimal_gemm_naive(A,B, mul_algo=..., cutoff=..., return_counters=True)', 'decimal_gemm_naive(A,B, mul_algo=..., cutoff=...)', 'decimal_gemm_naive(A,B)']"
8,16,strassen,1,0.00012420001439750195,,,"call failed (TypeError): int() argument must be a string, a bytes-like object or a real number, not 'list'; tried: ['decimal_gemm_naive(A,B, mul_algo=..., cutoff=..., return_counters=True)', 'decimal_gemm_naive(A,B, mul_algo=..., cutoff=...)', 'decimal_gemm_naive(A,B)']"
8,16,numba,0,4.100031219422817e-06,,,"call failed (ValueError): Unknown mul_algo: 'numba'; tried: ['decimal_gemm_naive(A,B, mul_algo=..., cutoff=..., return_counters=True)']"
8,16,numba,1,5.100038833916187e-06,,,"call failed (ValueError): Unknown mul_algo: 'numba'; tried: ['decimal_gemm_naive(A,B, mul_algo=..., cutoff=..., return_counters=True)']"
16,4,auto,0,0.000430300016887486,,,"call failed (TypeError): int() argument must be a string, a bytes-like object or a real number, not 'list'; tried: ['decimal_gemm_naive(A,B, mul_algo=..., cutoff=..., return_counters=True)', 'decimal_gemm_naive(A,B, mul_algo=..., cutoff=...)', 'decimal_gemm_naive(A,B)']"
16,4,auto,1,0.00027290009893476963,,,"call failed (TypeError): int() argument must be a string, a bytes-like object or a real number, not 'list'; tried: ['decimal_gemm_naive(A,B, mul_algo=..., cutoff=..., return_counters=True)', 'decimal_gemm_naive(A,B, mul_algo=..., cutoff=...)', 'decimal_gemm_naive(A,B)']"
16,4,schoolbook,0,7.950002327561378e-05,,,"call failed (TypeError): int() argument must be a string, a bytes-like object or a real number, not 'list'; tried: ['decimal_gemm_naive(A,B, mul_algo=..., cutoff=..., return_counters=True)', 'decimal_gemm_naive(A,B, mul_algo=..., cutoff=...)', 'decimal_gemm_naive(A,B)']"
16,4,schoolbook,1,6.54000323265791e-05,,,"call failed (TypeError): int() argument must be a string, a bytes-like object or a real number, not 'list'; tried: ['decimal_gemm_naive(A,B, mul_algo=..., cutoff=..., return_counters=True)', 'decimal_gemm_naive(A,B, mul_algo=..., cutoff=...)', 'decimal_gemm_naive(A,B)']"
16,4,karatsuba,0,0.00020569993648678064,,,"call failed (TypeError): int() argument must be a string, a bytes-like object or a real number, not 'list'; tried: ['decimal_gemm_naive(A,B, mul_algo=..., cutoff=..., return_counters=True)', 'decimal_gemm_naive(A,B, mul_algo=..., cutoff=...)', 'decimal_gemm_naive(A,B)']"
16,4,karatsuba,1,0.0001308000646531582,,,"call failed (TypeError): int() argument must be a string, a bytes-like object or a real number, not 'list'; tried: ['decimal_gemm_naive(A,B, mul_algo=..., cutoff=..., return_counters=True)', 'decimal_gemm_naive(A,B, mul_algo=..., cutoff=...)', 'decimal_gemm_naive(A,B)']"
16,4,strassen,0,0.0002505999291315675,,,"call failed (TypeError): int() argument must be a string, a bytes-like object or a real number, not 'list'; tried: ['decimal_gemm_naive(A,B, mul_algo=..., cutoff=..., return_counters=True)', 'decimal_gemm_naive(A,B, mul_algo=..., cutoff=...)', 'decimal_gemm_naive(A,B)']"
16,4,strassen,1,0.00010889989789575338,,,"call failed (TypeError): int() argument must be a string, a bytes-like object or a real number, not 'list'; tried: ['decimal_gemm_naive(A,B, mul_algo=..., cutoff=..., return_counters=True)', 'decimal_gemm_naive(A,B, mul_algo=..., cutoff=...)', 'decimal_gemm_naive(A,B)']"
16,4,numba,0,5.00003807246685e-06,,,"call failed (ValueError): Unknown mul_algo: 'numba'; tried: ['decimal_gemm_naive(A,B, mul_algo=..., cutoff=..., return_counters=True)']"
16,4,numba,1,3.200024366378784e-06,,,"call failed (ValueError): Unknown mul_algo: 'numba'; tried: ['decimal_gemm_naive(A,B, mul_algo=..., cutoff=..., return_counters=True)']"
16,8,auto,0,0.000291000003926456,,,"call failed (TypeError): int() argument must be a string, a bytes-like object or a real number, not 'list'; tried: ['decimal_gemm_naive(A,B, mul_algo=..., cutoff=..., return_counters=True)', 'decimal_gemm_naive(A,B, mul_algo=..., cutoff=...)', 'decimal_gemm_naive(A,B)']"
16,8,auto,1,0.00017840007785707712,,,"call failed (TypeError): int() argument must be a string, a bytes-like object or a real number, not 'list'; tried: ['decimal_gemm_naive(A,B, mul_algo=..., cutoff=..., return_counters=True)', 'decimal_gemm_naive(A,B, mul_algo=..., cutoff=...)', 'decimal_gemm_naive(A,B)']"
16,8,schoolbook,0,9.159999899566174e-05,,,"call failed (TypeError): int() argument must be a string, a bytes-like object or a real number, not 'list'; tried: ['decimal_gemm_naive(A,B, mul_algo=..., cutoff=..., return_counters=True)', 'decimal_gemm_naive(A,B, mul_algo=..., cutoff=...)', 'decimal_gemm_naive(A,B)']"
16,8,schoolbook,1,5.7399971410632133e-05,,,"call failed (TypeError): int() argument must be a string, a bytes-like object or a real number, not 'list'; tried: ['decimal_gemm_naive(A,B, mul_algo=..., cutoff=..., return_counters=True)', 'decimal_gemm_naive(A,B, mul_algo=..., cutoff=...)', 'decimal_gemm_naive(A,B)']"
16,8,karatsuba,0,0.00016439997125416994,,,"call failed (TypeError): int() argument must be a string, a bytes-like object or a real number, not 'list'; tried: ['decimal_gemm_naive(A,B, mul_algo=..., cutoff=..., return_counters=True)', 'decimal_gemm_naive(A,B, mul_algo=..., cutoff=...)', 'decimal_gemm_naive(A,B)']"
16,8,karatsuba,1,8.160003926604986e-05,,,"call failed (TypeError): int() argument must be a string, a bytes-like object or a real number, not 'list'; tried: ['decimal_gemm_naive(A,B, mul_algo=..., cutoff=..., return_counters=True)', 'decimal_gemm_naive(A,B, mul_algo=..., cutoff=...)', 'decimal_gemm_naive(A,B)']"
16,8,strassen,0,0.00011319993063807487,,,"call failed (TypeError): int() argument must be a string, a bytes-like object or a real number, not 'list'; tried: ['decimal_gemm_naive(A,B, mul_algo=..., cutoff=..., return_counters=True)', 'decimal_gemm_naive(A,B, mul_algo=..., cutoff=...)', 'decimal_gemm_naive(A,B)']"
16,8,strassen,1,8.41999426484108e-05,,,"call failed (TypeError): int() argument must be a string, a bytes-like object or a real number, not 'list'; tried: ['decimal_gemm_naive(A,B, mul_algo=..., cutoff=..., return_counters=True)', 'decimal_gemm_naive(A,B, mul_algo=..., cutoff=...)', 'decimal_gemm_naive(A,B)']"
16,8,numba,0,2.700020559132099e-06,,,"call failed (ValueError): Unknown mul_algo: 'numba'; tried: ['decimal_gemm_naive(A,B, mul_algo=..., cutoff=..., return_counters=True)']"
16,8,numba,1,1.800013706088066e-06,,,"call failed (ValueError): Unknown mul_algo: 'numba'; tried: ['decimal_gemm_naive(A,B, mul_algo=..., cutoff=..., return_counters=True)']"
16,16,auto,0,0.0002300000051036477,,,"call failed (TypeError): int() argument must be a string, a bytes-like object or a real number, not 'list'; tried: ['decimal_gemm_naive(A,B, mul_algo=..., cutoff=..., return_counters=True)', 'decimal_gemm_naive(A,B, mul_algo=..., cutoff=...)', 'decimal_gemm_naive(A,B)']"
16,16,auto,1,0.00015239999629557133,,,"call failed (TypeError): int() argument must be a string, a bytes-like object or a real number, not 'list'; tried: ['decimal_gemm_naive(A,B, mul_algo=..., cutoff=..., return_counters=True)', 'decimal_gemm_naive(A,B, mul_algo=..., cutoff=...)', 'decimal_gemm_naive(A,B)']"
16,16,schoolbook,0,0.00016609998419880867,,,"call failed (TypeError): int() argument must be a string, a bytes-like object or a real number, not 'list'; tried: ['decimal_gemm_naive(A,B, mul_algo=..., cutoff=..., return_counters=True)', 'decimal_gemm_naive(A,B, mul_algo=..., cutoff=...)', 'decimal_gemm_naive(A,B)']"
16,16,schoolbook,1,6.969994865357876e-05,,,"call failed (TypeError): int() argument must be a string, a bytes-like object or a real number, not 'list'; tried: ['decimal_gemm_naive(A,B, mul_algo=..., cutoff=..., return_counters=True)', 'decimal_gemm_naive(A,B, mul_algo=..., cutoff=...)', 'decimal_gemm_naive(A,B)']"
16,16,karatsuba,0,0.00010189996100962162,,,"call failed (TypeError): int() argument must be a string, a bytes-like object or a real number, not 'list'; tried: ['decimal_gemm_naive(A,B, mul_algo=..., cutoff=..., return_counters=True)', 'decimal_gemm_naive(A,B, mul_algo=..., cutoff=...)', 'decimal_gemm_naive(A,B)']"
16,16,karatsuba,1,6.7099928855896e-05,,,"call failed (TypeError): int() argument must be a string, a bytes-like object or a real number, not 'list'; tried: ['decimal_gemm_naive(A,B, mul_algo=..., cutoff=..., return_counters=True)', 'decimal_gemm_naive(A,B, mul_algo=..., cutoff=...)', 'decimal_gemm_naive(A,B)']"
16,16,strassen,0,0.00010580010712146759,,,"call failed (TypeError): int() argument must be a string, a bytes-like object or a real number, not 'list'; tried: ['decimal_gemm_naive(A,B, mul_algo=..., cutoff=..., return_counters=True)', 'decimal_gemm_naive(A,B, mul_algo=..., cutoff=...)', 'decimal_gemm_naive(A,B)']"
16,16,strassen,1,6.850005593150854e-05,,,"call failed (TypeError): int() argument must be a string, a bytes-like object or a real number, not 'list'; tried: ['decimal_gemm_naive(A,B, mul_algo=..., cutoff=..., return_counters=True)', 'decimal_gemm_naive(A,B, mul_algo=..., cutoff=...)', 'decimal_gemm_naive(A,B)']"
16,16,numba,0,6.199930794537067e-06,,,"call failed (ValueError): Unknown mul_algo: 'numba'; tried: ['decimal_gemm_naive(A,B, mul_algo=..., cutoff=..., return_counters=True)']"
16,16,numba,1,7.70005863159895e-06,,,"call failed (ValueError): Unknown mul_algo: 'numba'; tried: ['decimal_gemm_naive(A,B, mul_algo=..., cutoff=..., return_counters=True)']"
4,4,auto,0,0.0008868000004440546,,,
4,4,auto,1,0.0003247000277042389,,,
4,4,schoolbook,0,0.00024189997930079699,,,
4,4,schoolbook,1,0.0001786999637261033,,,
4,4,karatsuba,0,0.00019599997904151678,,,
4,4,karatsuba,1,0.00020370003767311573,,,
4,4,strassen,0,0.0001938999630510807,,,
4,4,strassen,1,0.00017769995611160994,,,
4,4,numba,0,4.199915565550327e-06,,,"call failed (ValueError): Unknown mul_algo: 'numba'; tried: ['decimal_gemm_naive(A,B, mul_algo=..., cutoff=..., return_counters=True)']"
4,4,numba,1,2.700020559132099e-06,,,"call failed (ValueError): Unknown mul_algo: 'numba'; tried: ['decimal_gemm_naive(A,B, mul_algo=..., cutoff=..., return_counters=True)']"
4,8,auto,0,0.000237800064496696,,,
4,8,auto,1,0.0003109000390395522,,,
4,8,schoolbook,0,0.000228899996727705,,,
4,8,schoolbook,1,0.00016499997582286596,,,
4,8,karatsuba,0,0.00022169994190335274,,,
4,8,karatsuba,1,0.00021319999359548092,,,
4,8,strassen,0,0.0002362999366596341,,,
4,8,strassen,1,0.00015790003817528486,,,
4,8,numba,0,3.700028173625469e-06,,,"call failed (ValueError): Unknown mul_algo: 'numba'; tried: ['decimal_gemm_naive(A,B, mul_algo=..., cutoff=..., return_counters=True)']"
4,8,numba,1,1.9000144675374031e-06,,,"call failed (ValueError): Unknown mul_algo: 'numba'; tried: ['decimal_gemm_naive(A,B, mul_algo=..., cutoff=..., return_counters=True)']"
4,16,auto,0,7.700000423938036e-05,,,"call failed (OverflowError): int too big to convert; tried: ['decimal_gemm_naive(A,B, mul_algo=..., cutoff=..., return_counters=True)']"
4,16,auto,1,0.00010830000974237919,,,"call failed (OverflowError): int too big to convert; tried: ['decimal_gemm_naive(A,B, mul_algo=..., cutoff=..., return_counters=True)']"
4,16,schoolbook,0,1.5600002370774746e-05,,,"call failed (OverflowError): int too big to convert; tried: ['decimal_gemm_naive(A,B, mul_algo=..., cutoff=..., return_counters=True)']"
4,16,schoolbook,1,1.3499986380338669e-05,,,"call failed (OverflowError): int too big to convert; tried: ['decimal_gemm_naive(A,B, mul_algo=..., cutoff=..., return_counters=True)']"
4,16,karatsuba,0,1.5600002370774746e-05,,,"call failed (OverflowError): int too big to convert; tried: ['decimal_gemm_naive(A,B, mul_algo=..., cutoff=..., return_counters=True)']"
4,16,karatsuba,1,2.7000089175999165e-05,,,"call failed (OverflowError): int too big to convert; tried: ['decimal_gemm_naive(A,B, mul_algo=..., cutoff=..., return_counters=True)']"
4,16,strassen,0,1.9600032828748226e-05,,,"call failed (OverflowError): int too big to convert; tried: ['decimal_gemm_naive(A,B, mul_algo=..., cutoff=..., return_counters=True)']"
4,16,strassen,1,1.479999627918005e-05,,,"call failed (OverflowError): int too big to convert; tried: ['decimal_gemm_naive(A,B, mul_algo=..., cutoff=..., return_counters=True)']"
4,16,numba,0,2.9999064281582832e-06,,,"call failed (ValueError): Unknown mul_algo: 'numba'; tried: ['decimal_gemm_naive(A,B, mul_algo=..., cutoff=..., return_counters=True)']"
4,16,numba,1,1.9000144675374031e-06,,,"call failed (ValueError): Unknown mul_algo: 'numba'; tried: ['decimal_gemm_naive(A,B, mul_algo=..., cutoff=..., return_counters=True)']"
8,4,auto,0,0.00046470004599541426,,,
8,4,auto,1,0.0004691999638453126,,,
8,4,schoolbook,0,0.00034909998066723347,,,
8,4,schoolbook,1,0.00034909998066723347,,,
8,4,karatsuba,0,0.0004360000602900982,,,
8,4,karatsuba,1,0.0003502999898046255,,,
8,4,strassen,0,0.000364100094884634,,,
8,4,strassen,1,0.0003752000629901886,,,
8,4,numba,0,3.700028173625469e-06,,,"call failed (ValueError): Unknown mul_algo: 'numba'; tried: ['decimal_gemm_naive(A,B, mul_algo=..., cutoff=..., return_counters=True)']"
8,4,numba,1,4.09991480410099e-06,,,"call failed (ValueError): Unknown mul_algo: 'numba'; tried: ['decimal_gemm_naive(A,B, mul_algo=..., cutoff=..., return_counters=True)']"
8,8,auto,0,0.0004875999875366688,,,
8,8,auto,1,0.0005537000251933932,,,
8,8,schoolbook,0,0.000417300034314394,,,
8,8,schoolbook,1,0.0004143000114709139,,,
8,8,karatsuba,0,0.0004330000374466181,,,
8,8,karatsuba,1,0.00039980001747608185,,,
8,8,strassen,0,0.00037249992601573467,,,
8,8,strassen,1,0.0006040000589564443,,,
8,8,numba,0,7.400056347250938e-06,,,"call failed (ValueError): Unknown mul_algo: 'numba'; tried: ['decimal_gemm_naive(A,B, mul_algo=..., cutoff=..., return_counters=True)']"
8,8,numba,1,7.100054062902927e-06,,,"call failed (ValueError): Unknown mul_algo: 'numba'; tried: ['decimal_gemm_naive(A,B, mul_algo=..., cutoff=..., return_counters=True)']"
8,16,auto,0,0.00031729997135698795,,,"call failed (OverflowError): int too big to convert; tried: ['decimal_gemm_naive(A,B, mul_algo=..., cutoff=..., return_counters=True)']"
8,16,auto,1,0.00020030001178383827,,,"call failed (OverflowError): int too big to convert; tried: ['decimal_gemm_naive(A,B, mul_algo=..., cutoff=..., return_counters=True)']"
8,16,schoolbook,0,4.369998350739479e-05,,,"call failed (OverflowError): int too big to convert; tried: ['decimal_gemm_naive(A,B, mul_algo=..., cutoff=..., return_counters=True)']"
8,16,schoolbook,1,3.6800047382712364e-05,,,"call failed (OverflowError): int too big to convert; tried: ['decimal_gemm_naive(A,B, mul_algo=..., cutoff=..., return_counters=True)']"
8,16,karatsuba,0,2.9400107450783253e-05,,,"call failed (OverflowError): int too big to convert; tried: ['decimal_gemm_naive(A,B, mul_algo=..., cutoff=..., return_counters=True)']"
8,16,karatsuba,1,2.5400076992809772e-05,,,"call failed (OverflowError): int too big to convert; tried: ['decimal_gemm_naive(A,B, mul_algo=..., cutoff=..., return_counters=True)']"
8,16,strassen,0,3.4899916499853134e-05,,,"call failed (OverflowError): int too big to convert; tried: ['decimal_gemm_naive(A,B, mul_algo=..., cutoff=..., return_counters=True)']"
8,16,strassen,1,4.910002462565899e-05,,,"call failed (OverflowError): int too big to convert; tried: ['decimal_gemm_naive(A,B, mul_algo=..., cutoff=..., return_counters=True)']"
8,16,numba,0,3.899913281202316e-06,,,"call failed (ValueError): Unknown mul_algo: 'numba'; tried: ['decimal_gemm_naive(A,B, mul_algo=..., cutoff=..., return_counters=True)']"
8,16,numba,1,5.199923180043697e-06,,,"call failed (ValueError): Unknown mul_algo: 'numba'; tried: ['decimal_gemm_naive(A,B, mul_algo=..., cutoff=..., return_counters=True)']"
16,4,auto,0,0.0019197999499738216,,,
16,4,auto,1,0.002215999993495643,,,
16,4,schoolbook,0,0.0018245000392198563,,,
16,4,schoolbook,1,0.0017152000218629837,,,
16,4,karatsuba,0,0.0018536000279709697,,,
16,4,karatsuba,1,0.0018746999558061361,,,
16,4,strassen,0,0.0017858000937849283,,,
16,4,strassen,1,0.0018925999756902456,,,
16,4,numba,0,6.300047971308231e-06,,,"call failed (ValueError): Unknown mul_algo: 'numba'; tried: ['decimal_gemm_naive(A,B, mul_algo=..., cutoff=..., return_counters=True)']"
16,4,numba,1,1.999898813664913e-06,,,"call failed (ValueError): Unknown mul_algo: 'numba'; tried: ['decimal_gemm_naive(A,B, mul_algo=..., cutoff=..., return_counters=True)']"
16,8,auto,0,0.0019161999225616455,,,
16,8,auto,1,0.001859899959526956,,,
16,8,schoolbook,0,0.0019589000148698688,,,
16,8,schoolbook,1,0.0018118999432772398,,,
16,8,karatsuba,0,0.002116600051522255,,,
16,8,karatsuba,1,0.0018466999754309654,,,
16,8,strassen,0,0.0019422000041231513,,,
16,8,strassen,1,0.001905399956740439,,,
16,8,numba,0,3.6999117583036423e-06,,,"call failed (ValueError): Unknown mul_algo: 'numba'; tried: ['decimal_gemm_naive(A,B, mul_algo=..., cutoff=..., return_counters=True)']"
16,8,numba,1,2.100015990436077e-06,,,"call failed (ValueError): Unknown mul_algo: 'numba'; tried: ['decimal_gemm_naive(A,B, mul_algo=..., cutoff=..., return_counters=True)']"
16,16,auto,0,0.0001653999788686633,,,"call failed (OverflowError): int too big to convert; tried: ['decimal_gemm_naive(A,B, mul_algo=..., cutoff=..., return_counters=True)']"
16,16,auto,1,0.00016060005873441696,,,"call failed (OverflowError): int too big to convert; tried: ['decimal_gemm_naive(A,B, mul_algo=..., cutoff=..., return_counters=True)']"
16,16,schoolbook,0,5.879998207092285e-05,,,"call failed (OverflowError): int too big to convert; tried: ['decimal_gemm_naive(A,B, mul_algo=..., cutoff=..., return_counters=True)']"
16,16,schoolbook,1,5.539995618164539e-05,,,"call failed (OverflowError): int too big to convert; tried: ['decimal_gemm_naive(A,B, mul_algo=..., cutoff=..., return_counters=True)']"
16,16,karatsuba,0,6.939994636923075e-05,,,"call failed (OverflowError): int too big to convert; tried: ['decimal_gemm_naive(A,B, mul_algo=..., cutoff=..., return_counters=True)']"
16,16,karatsuba,1,5.719996988773346e-05,,,"call failed (OverflowError): int too big to convert; tried: ['decimal_gemm_naive(A,B, mul_algo=..., cutoff=..., return_counters=True)']"
16,16,strassen,0,9.270000737160444e-05,,,"call failed (OverflowError): int too big to convert; tried: ['decimal_gemm_naive(A,B, mul_algo=..., cutoff=..., return_counters=True)']"
16,16,strassen,1,9.550002869218588e-05,,,"call failed (OverflowError): int too big to convert; tried: ['decimal_gemm_naive(A,B, mul_algo=..., cutoff=..., return_counters=True)']"
16,16,numba,0,5.800044164061546e-06,,,"call failed (ValueError): Unknown mul_algo: 'numba'; tried: ['decimal_gemm_naive(A,B, mul_algo=..., cutoff=..., return_counters=True)']"
16,16,numba,1,2.400018274784088e-06,,,"call failed (ValueError): Unknown mul_algo: 'numba'; tried: ['decimal_gemm_naive(A,B, mul_algo=..., cutoff=..., return_counters=True)']"
4,4,auto,0,,,
4,4,auto,1,,,
4,4,schoolbook,0,,,
4,4,schoolbook,1,,,
4,4,karatsuba,0,,,
4,4,karatsuba,1,,,
4,4,strassen,0,,,
4,4,strassen,1,,,
4,8,auto,0,,,
4,8,auto,1,,,
4,8,schoolbook,0,,,
4,8,schoolbook,1,,,
4,8,karatsuba,0,,,
4,8,karatsuba,1,,,
4,8,strassen,0,,,
4,8,strassen,1,,,
4,16,auto,0,,,
4,16,auto,1,,,
4,16,schoolbook,0,,,
4,16,schoolbook,1,,,
4,16,karatsuba,0,,,
4,16,karatsuba,1,,,
4,16,strassen,0,,,
4,16,strassen,1,,,
8,4,auto,0,,,
8,4,auto,1,,,
8,4,schoolbook,0,,,
8,4,schoolbook,1,,,
8,4,karatsuba,0,,,
8,4,karatsuba,1,,,
8,4,strassen,0,,,
8,4,strassen,1,,,
8,8,auto,0,,,
8,8,auto,1,,,
8,8,schoolbook,0,,,
8,8,schoolbook,1,,,
8,8,karatsuba,0,,,
8,8,karatsuba,1,,,
8,8,strassen,0,,,
8,8,strassen,1,,,
8,16,auto,0,,,
8,16,auto,1,,,
8,16,schoolbook,0,,,
8,16,schoolbook,1,,,
8,16,karatsuba,0,,,
8,16,karatsuba,1,,,
8,16,strassen,0,,,
8,16,strassen,1,,,
16,4,auto,0,,,
16,4,auto,1,,,
16,4,schoolbook,0,,,
16,4,schoolbook,1,,,
16,4,karatsuba,0,,,
16,4,karatsuba,1,,,
16,4,strassen,0,,,
16,4,strassen,1,,,
16,8,auto,0,,,
16,8,auto,1,,,
16,8,schoolbook,0,,,
16,8,schoolbook,1,,,
16,8,karatsuba,0,,,
16,8,karatsuba,1,,,
16,8,strassen,0,,,
16,8,strassen,1,,,
16,16,auto,0,,,
16,16,auto,1,,,
16,16,schoolbook,0,,,
16,16,schoolbook,1,,,
16,16,karatsuba,0,,,
16,16,karatsuba,1,,,
16,16,strassen,0,,,
16,16,strassen,1,,,
4,4,auto,0,0.0005723999347537756,,,
4,4,auto,1,0.0005031999899074435,,,
4,4,schoolbook,0,0.00022230006288737059,,,
4,4,schoolbook,1,0.0002413999754935503,,,
4,4,karatsuba,0,0.0001916999462991953,,,
4,4,karatsuba,1,0.00018969993107020855,,,
4,4,strassen,0,0.0001799999736249447,,,
4,4,strassen,1,0.0001713000237941742,,,
4,4,numba,0,4.999921657145023e-06,,,"call failed (ValueError): Unknown mul_algo: 'numba'; tried: ['decimal_gemm_naive(A,B, mul_algo=..., cutoff=..., return_counters=True)']"
4,4,numba,1,5.300040356814861e-06,,,"call failed (ValueError): Unknown mul_algo: 'numba'; tried: ['decimal_gemm_naive(A,B, mul_algo=..., cutoff=..., return_counters=True)']"
4,8,auto,0,0.00025809998624026775,,,
4,8,auto,1,0.00028089992702007294,,,
4,8,schoolbook,0,0.00019419996533542871,,,
4,8,schoolbook,1,0.00018440000712871552,,,
4,8,karatsuba,0,0.00018939992878586054,,,
4,8,karatsuba,1,0.00020320003386586905,,,
4,8,strassen,0,0.00022739998530596495,,,
4,8,strassen,1,0.00019539997447282076,,,
4,8,numba,0,4.900037311017513e-06,,,"call failed (ValueError): Unknown mul_algo: 'numba'; tried: ['decimal_gemm_naive(A,B, mul_algo=..., cutoff=..., return_counters=True)']"
4,8,numba,1,4.600035026669502e-06,,,"call failed (ValueError): Unknown mul_algo: 'numba'; tried: ['decimal_gemm_naive(A,B, mul_algo=..., cutoff=..., return_counters=True)']"
4,16,auto,0,0.00011070002801716328,,,"call failed (OverflowError): int too big to convert; tried: ['decimal_gemm_naive(A,B, mul_algo=..., cutoff=..., return_counters=True)']"
4,16,auto,1,0.0001140000531449914,,,"call failed (OverflowError): int too big to convert; tried: ['decimal_gemm_naive(A,B, mul_algo=..., cutoff=..., return_counters=True)']"
4,16,schoolbook,0,1.550000160932541e-05,,,"call failed (OverflowError): int too big to convert; tried: ['decimal_gemm_naive(A,B, mul_algo=..., cutoff=..., return_counters=True)']"
4,16,schoolbook,1,3.1800009310245514e-05,,,"call failed (OverflowError): int too big to convert; tried: ['decimal_gemm_naive(A,B, mul_algo=..., cutoff=..., return_counters=True)']"
4,16,karatsuba,0,1.880002673715353e-05,,,"call failed (OverflowError): int too big to convert; tried: ['decimal_gemm_naive(A,B, mul_algo=..., cutoff=..., return_counters=True)']"
4,16,karatsuba,1,1.4299992471933365e-05,,,"call failed (OverflowError): int too big to convert; tried: ['decimal_gemm_naive(A,B, mul_algo=..., cutoff=..., return_counters=True)']"
4,16,strassen,0,1.4599994756281376e-05,,,"call failed (OverflowError): int too big to convert; tried: ['decimal_gemm_naive(A,B, mul_algo=..., cutoff=..., return_counters=True)']"
4,16,strassen,1,1.3999990187585354e-05,,,"call failed (OverflowError): int too big to convert; tried: ['decimal_gemm_naive(A,B, mul_algo=..., cutoff=..., return_counters=True)']"
4,16,numba,0,2.600019797682762e-06,,,"call failed (ValueError): Unknown mul_algo: 'numba'; tried: ['decimal_gemm_naive(A,B, mul_algo=..., cutoff=..., return_counters=True)']"
4,16,numba,1,5.100038833916187e-06,,,"call failed (ValueError): Unknown mul_algo: 'numba'; tried: ['decimal_gemm_naive(A,B, mul_algo=..., cutoff=..., return_counters=True)']"
8,4,auto,0,0.0005442999536171556,,,
8,4,auto,1,0.0004130000015720725,,,
8,4,schoolbook,0,0.0006726999999955297,,,
8,4,schoolbook,1,0.000404000049456954,,,
8,4,karatsuba,0,0.0004168000305071473,,,
8,4,karatsuba,1,0.00044680002611130476,,,
8,4,strassen,0,0.0004654000513255596,,,
8,4,strassen,1,0.00040419993456453085,,,
8,4,numba,0,4.600035026669502e-06,,,"call failed (ValueError): Unknown mul_algo: 'numba'; tried: ['decimal_gemm_naive(A,B, mul_algo=..., cutoff=..., return_counters=True)']"
8,4,numba,1,3.400025889277458e-06,,,"call failed (ValueError): Unknown mul_algo: 'numba'; tried: ['decimal_gemm_naive(A,B, mul_algo=..., cutoff=..., return_counters=True)']"
8,8,auto,0,0.0004790000384673476,,,
8,8,auto,1,0.000457499991171062,,,
8,8,schoolbook,0,0.00041110010351985693,,,
8,8,schoolbook,1,0.0007498000049963593,,,
8,8,karatsuba,0,0.0005266999360173941,,,
8,8,karatsuba,1,0.0004232999635860324,,,
8,8,strassen,0,0.0004899000050500035,,,
8,8,strassen,1,0.0003936999710276723,,,
8,8,numba,0,4.100031219422817e-06,,,"call failed (ValueError): Unknown mul_algo: 'numba'; tried: ['decimal_gemm_naive(A,B, mul_algo=..., cutoff=..., return_counters=True)']"
8,8,numba,1,4.399917088449001e-06,,,"call failed (ValueError): Unknown mul_algo: 'numba'; tried: ['decimal_gemm_naive(A,B, mul_algo=..., cutoff=..., return_counters=True)']"
8,16,auto,0,0.0001094000181183219,,,"call failed (OverflowError): int too big to convert; tried: ['decimal_gemm_naive(A,B, mul_algo=..., cutoff=..., return_counters=True)']"
8,16,auto,1,0.00012229999992996454,,,"call failed (OverflowError): int too big to convert; tried: ['decimal_gemm_naive(A,B, mul_algo=..., cutoff=..., return_counters=True)']"
8,16,schoolbook,0,3.270001616328955e-05,,,"call failed (OverflowError): int too big to convert; tried: ['decimal_gemm_naive(A,B, mul_algo=..., cutoff=..., return_counters=True)']"
8,16,schoolbook,1,3.0399998649954796e-05,,,"call failed (OverflowError): int too big to convert; tried: ['decimal_gemm_naive(A,B, mul_algo=..., cutoff=..., return_counters=True)']"
8,16,karatsuba,0,3.390002530068159e-05,,,"call failed (OverflowError): int too big to convert; tried: ['decimal_gemm_naive(A,B, mul_algo=..., cutoff=..., return_counters=True)']"
8,16,karatsuba,1,3.1400006264448166e-05,,,"call failed (OverflowError): int too big to convert; tried: ['decimal_gemm_naive(A,B, mul_algo=..., cutoff=..., return_counters=True)']"
8,16,strassen,0,2.580008003860712e-05,,,"call failed (OverflowError): int too big to convert; tried: ['decimal_gemm_naive(A,B, mul_algo=..., cutoff=..., return_counters=True)']"
8,16,strassen,1,2.3999949917197227e-05,,,"call failed (OverflowError): int too big to convert; tried: ['decimal_gemm_naive(A,B, mul_algo=..., cutoff=..., return_counters=True)']"
8,16,numba,0,4.300032742321491e-06,,,"call failed (ValueError): Unknown mul_algo: 'numba'; tried: ['decimal_gemm_naive(A,B, mul_algo=..., cutoff=..., return_counters=True)']"
8,16,numba,1,4.999921657145023e-06,,,"call failed (ValueError): Unknown mul_algo: 'numba'; tried: ['decimal_gemm_naive(A,B, mul_algo=..., cutoff=..., return_counters=True)']"
16,4,auto,0,0.001986499992199242,,,
16,4,auto,1,0.0019240000983700156,,,
16,4,schoolbook,0,0.0017867999849840999,,,
16,4,schoolbook,1,0.0018687000265344977,,,
16,4,karatsuba,0,0.0019884000066667795,,,
16,4,karatsuba,1,0.0026102999690920115,,,
16,4,strassen,0,0.0021620000479742885,,,
16,4,strassen,1,0.0017425999976694584,,,
16,4,numba,0,5.300040356814861e-06,,,"call failed (ValueError): Unknown mul_algo: 'numba'; tried: ['decimal_gemm_naive(A,B, mul_algo=..., cutoff=..., return_counters=True)']"
16,4,numba,1,2.300017513334751e-06,,,"call failed (ValueError): Unknown mul_algo: 'numba'; tried: ['decimal_gemm_naive(A,B, mul_algo=..., cutoff=..., return_counters=True)']"
16,8,auto,0,0.0020656000124290586,,,
16,8,auto,1,0.0020890000741928816,,,
16,8,schoolbook,0,0.0019114000024273992,,,
16,8,schoolbook,1,0.002688300097361207,,,
16,8,karatsuba,0,0.0026894999900832772,,,
16,8,karatsuba,1,0.0019082999788224697,,,
16,8,strassen,0,0.002100700046867132,,,
16,8,strassen,1,0.0018859999254345894,,,
16,8,numba,0,4.09991480410099e-06,,,"call failed (ValueError): Unknown mul_algo: 'numba'; tried: ['decimal_gemm_naive(A,B, mul_algo=..., cutoff=..., return_counters=True)']"
16,8,numba,1,4.900037311017513e-06,,,"call failed (ValueError): Unknown mul_algo: 'numba'; tried: ['decimal_gemm_naive(A,B, mul_algo=..., cutoff=..., return_counters=True)']"
16,16,auto,0,0.00020400003995746374,,,"call failed (OverflowError): int too big to convert; tried: ['decimal_gemm_naive(A,B, mul_algo=..., cutoff=..., return_counters=True)']"
16,16,auto,1,0.00018269999418407679,,,"call failed (OverflowError): int too big to convert; tried: ['decimal_gemm_naive(A,B, mul_algo=..., cutoff=..., return_counters=True)']"
16,16,schoolbook,0,6.200000643730164e-05,,,"call failed (OverflowError): int too big to convert; tried: ['decimal_gemm_naive(A,B, mul_algo=..., cutoff=..., return_counters=True)']"
16,16,schoolbook,1,5.589995998889208e-05,,,"call failed (OverflowError): int too big to convert; tried: ['decimal_gemm_naive(A,B, mul_algo=..., cutoff=..., return_counters=True)']"
16,16,karatsuba,0,6.869994103908539e-05,,,"call failed (OverflowError): int too big to convert; tried: ['decimal_gemm_naive(A,B, mul_algo=..., cutoff=..., return_counters=True)']"
16,16,karatsuba,1,5.9699988923966885e-05,,,"call failed (OverflowError): int too big to convert; tried: ['decimal_gemm_naive(A,B, mul_algo=..., cutoff=..., return_counters=True)']"
16,16,strassen,0,6.529991514980793e-05,,,"call failed (OverflowError): int too big to convert; tried: ['decimal_gemm_naive(A,B, mul_algo=..., cutoff=..., return_counters=True)']"
16,16,strassen,1,6.0699996538460255e-05,,,"call failed (OverflowError): int too big to convert; tried: ['decimal_gemm_naive(A,B, mul_algo=..., cutoff=..., return_counters=True)']"
16,16,numba,0,4.100031219422817e-06,,,"call failed (ValueError): Unknown mul_algo: 'numba'; tried: ['decimal_gemm_naive(A,B, mul_algo=..., cutoff=..., return_counters=True)']"
16,16,numba,1,6.400048732757568e-06,,,"call failed (ValueError): Unknown mul_algo: 'numba'; tried: ['decimal_gemm_naive(A,B, mul_algo=..., cutoff=..., return_counters=True)']"
4,4,auto,0,0.0006307000294327736,,,
4,4,auto,1,0.00020679994486272335,,,
4,4,schoolbook,0,0.00020509993191808462,,,
4,4,schoolbook,1,0.00016329996287822723,,,
4,4,karatsuba,0,0.00017119990661740303,,,
4,4,karatsuba,1,0.00021039997227489948,,,
4,4,strassen,0,0.0003122999332845211,,,
4,4,strassen,1,0.00018169998656958342,,,
4,4,numba,0,6.900052540004253e-06,,,"call failed (ValueError): Unknown mul_algo: 'numba'; tried: ['decimal_gemm_naive(A_int,B_int,return_counters=True)']"
4,4,numba,1,7.200054824352264e-06,,,"call failed (ValueError): Unknown mul_algo: 'numba'; tried: ['decimal_gemm_naive(A_int,B_int,return_counters=True)']"
4,8,auto,0,0.0002077000681310892,,,
4,8,auto,1,0.0002679000608623028,,,
4,8,schoolbook,0,0.00016870000399649143,,,
4,8,schoolbook,1,0.00016689999029040337,,,
4,8,karatsuba,0,0.00018699991051107645,,,
4,8,karatsuba,1,0.0001873000292107463,,,
4,8,strassen,0,0.0001629000762477517,,,
4,8,strassen,1,0.00017580005805939436,,,
4,8,numba,0,7.500057108700275e-06,,,"call failed (ValueError): Unknown mul_algo: 'numba'; tried: ['decimal_gemm_naive(A_int,B_int,return_counters=True)']"
4,8,numba,1,4.299916326999664e-06,,,"call failed (ValueError): Unknown mul_algo: 'numba'; tried: ['decimal_gemm_naive(A_int,B_int,return_counters=True)']"
4,16,auto,0,0.00024369999300688505,,,"call failed (TypeError): int() argument must be a string, a bytes-like object or a real number, not 'list'; tried: ['decimal_gemm_naive(A_list,B_list,return_counters=True)', 'decimal_gemm_naive(A_list,B_list)']"
4,16,auto,1,0.00027600000612437725,,,"call failed (TypeError): int() argument must be a string, a bytes-like object or a real number, not 'list'; tried: ['decimal_gemm_naive(A_list,B_list,return_counters=True)', 'decimal_gemm_naive(A_list,B_list)']"
4,16,schoolbook,0,1.8300022929906845e-05,,,"call failed (TypeError): int() argument must be a string, a bytes-like object or a real number, not 'list'; tried: ['decimal_gemm_naive(A_list,B_list,return_counters=True)', 'decimal_gemm_naive(A_list,B_list)']"
4,16,schoolbook,1,1.4099990949034691e-05,,,"call failed (TypeError): int() argument must be a string, a bytes-like object or a real number, not 'list'; tried: ['decimal_gemm_naive(A_list,B_list,return_counters=True)', 'decimal_gemm_naive(A_list,B_list)']"
4,16,karatsuba,0,1.3500102795660496e-05,,,"call failed (TypeError): int() argument must be a string, a bytes-like object or a real number, not 'list'; tried: ['decimal_gemm_naive(A_list,B_list,return_counters=True)', 'decimal_gemm_naive(A_list,B_list)']"
4,16,karatsuba,1,1.4299992471933365e-05,,,"call failed (TypeError): int() argument must be a string, a bytes-like object or a real number, not 'list'; tried: ['decimal_gemm_naive(A_list,B_list,return_counters=True)', 'decimal_gemm_naive(A_list,B_list)']"
4,16,strassen,0,1.1500087566673756e-05,,,"call failed (TypeError): int() argument must be a string, a bytes-like object or a real number, not 'list'; tried: ['decimal_gemm_naive(A_list,B_list,return_counters=True)', 'decimal_gemm_naive(A_list,B_list)']"
4,16,strassen,1,1.2399978004395962e-05,,,"call failed (TypeError): int() argument must be a string, a bytes-like object or a real number, not 'list'; tried: ['decimal_gemm_naive(A_list,B_list,return_counters=True)', 'decimal_gemm_naive(A_list,B_list)']"
4,16,numba,0,6.700051017105579e-06,,,"call failed (ValueError): Unknown mul_algo: 'numba'; tried: ['decimal_gemm_naive(A_list,B_list,return_counters=True)']"
4,16,numba,1,6.6999346017837524e-06,,,"call failed (ValueError): Unknown mul_algo: 'numba'; tried: ['decimal_gemm_naive(A_list,B_list,return_counters=True)']"
8,4,auto,0,0.0005431999452412128,,,
8,4,auto,1,0.0005542000290006399,,,
8,4,schoolbook,0,0.00039109995122998953,,,
8,4,schoolbook,1,0.00036750000435858965,,,
8,4,karatsuba,0,0.0004430999979376793,,,
8,4,karatsuba,1,0.00047919992357492447,,,
8,4,strassen,0,0.0006040000589564443,,,
8,4,strassen,1,0.00038570002652704716,,,
8,4,numba,0,7.699942216277122e-06,,,"call failed (ValueError): Unknown mul_algo: 'numba'; tried: ['decimal_gemm_naive(A_int,B_int,return_counters=True)']"
8,4,numba,1,7.3999399319291115e-06,,,"call failed (ValueError): Unknown mul_algo: 'numba'; tried: ['decimal_gemm_naive(A_int,B_int,return_counters=True)']"
8,8,auto,0,0.0005371000152081251,,,
8,8,auto,1,0.0005026999861001968,,,
8,8,schoolbook,0,0.0004115999909117818,,,
8,8,schoolbook,1,0.00041179999243468046,,,
8,8,karatsuba,0,0.00035859993658959866,,,
8,8,karatsuba,1,0.00036780000664293766,,,
8,8,strassen,0,0.00040310004260390997,,,
8,8,strassen,1,0.0004414999857544899,,,
8,8,numba,0,7.900060154497623e-06,,,"call failed (ValueError): Unknown mul_algo: 'numba'; tried: ['decimal_gemm_naive(A_int,B_int,return_counters=True)']"
8,8,numba,1,7.3999399319291115e-06,,,"call failed (ValueError): Unknown mul_algo: 'numba'; tried: ['decimal_gemm_naive(A_int,B_int,return_counters=True)']"
8,16,auto,0,0.00021760002709925175,,,"call failed (TypeError): int() argument must be a string, a bytes-like object or a real number, not 'list'; tried: ['decimal_gemm_naive(A_list,B_list,return_counters=True)', 'decimal_gemm_naive(A_list,B_list)']"
8,16,auto,1,0.00012980005703866482,,,"call failed (TypeError): int() argument must be a string, a bytes-like object or a real number, not 'list'; tried: ['decimal_gemm_naive(A_list,B_list,return_counters=True)', 'decimal_gemm_naive(A_list,B_list)']"
8,16,schoolbook,0,8.199946023523808e-06,,,"call failed (TypeError): int() argument must be a string, a bytes-like object or a real number, not 'list'; tried: ['decimal_gemm_naive(A_list,B_list,return_counters=True)', 'decimal_gemm_naive(A_list,B_list)']"
8,16,schoolbook,1,1.1899974197149277e-05,,,"call failed (TypeError): int() argument must be a string, a bytes-like object or a real number, not 'list'; tried: ['decimal_gemm_naive(A_list,B_list,return_counters=True)', 'decimal_gemm_naive(A_list,B_list)']"
8,16,karatsuba,0,1.109996810555458e-05,,,"call failed (TypeError): int() argument must be a string, a bytes-like object or a real number, not 'list'; tried: ['decimal_gemm_naive(A_list,B_list,return_counters=True)', 'decimal_gemm_naive(A_list,B_list)']"
8,16,karatsuba,1,1.3899989426136017e-05,,,"call failed (TypeError): int() argument must be a string, a bytes-like object or a real number, not 'list'; tried: ['decimal_gemm_naive(A_list,B_list,return_counters=True)', 'decimal_gemm_naive(A_list,B_list)']"
8,16,strassen,0,1.0900082997977734e-05,,,"call failed (TypeError): int() argument must be a string, a bytes-like object or a real number, not 'list'; tried: ['decimal_gemm_naive(A_list,B_list,return_counters=True)', 'decimal_gemm_naive(A_list,B_list)']"
8,16,strassen,1,1.850002445280552e-05,,,"call failed (TypeError): int() argument must be a string, a bytes-like object or a real number, not 'list'; tried: ['decimal_gemm_naive(A_list,B_list,return_counters=True)', 'decimal_gemm_naive(A_list,B_list)']"
8,16,numba,0,6.7999353632330894e-06,,,"call failed (ValueError): Unknown mul_algo: 'numba'; tried: ['decimal_gemm_naive(A_list,B_list,return_counters=True)']"
8,16,numba,1,4.699919372797012e-06,,,"call failed (ValueError): Unknown mul_algo: 'numba'; tried: ['decimal_gemm_naive(A_list,B_list,return_counters=True)']"
16,4,auto,0,0.0020071000326424837,,,
16,4,auto,1,0.0019496999448165298,,,
16,4,schoolbook,0,0.001866400009021163,,,
16,4,schoolbook,1,0.0017223999602720141,,,
16,4,karatsuba,0,0.0017949000466614962,,,
16,4,karatsuba,1,0.001960400026291609,,,
16,4,strassen,0,0.0017637000419199467,,,
16,4,strassen,1,0.001754599972628057,,,
16,4,numba,0,9.699957445263863e-06,,,"call failed (ValueError): Unknown mul_algo: 'numba'; tried: ['decimal_gemm_naive(A_int,B_int,return_counters=True)']"
16,4,numba,1,9.999959729611874e-06,,,"call failed (ValueError): Unknown mul_algo: 'numba'; tried: ['decimal_gemm_naive(A_int,B_int,return_counters=True)']"
16,8,auto,0,0.00230229995213449,,,
16,8,auto,1,0.0018364000134170055,,,
16,8,schoolbook,0,0.0018587999511510134,,,
16,8,schoolbook,1,0.001880299998447299,,,
16,8,karatsuba,0,0.001815900090150535,,,
16,8,karatsuba,1,0.0018595000728964806,,,
16,8,strassen,0,0.0018933999817818403,,,
16,8,strassen,1,0.0023285000352188945,,,
16,8,numba,0,9.599956683814526e-06,,,"call failed (ValueError): Unknown mul_algo: 'numba'; tried: ['decimal_gemm_naive(A_int,B_int,return_counters=True)']"
16,8,numba,1,4.300032742321491e-06,,,"call failed (ValueError): Unknown mul_algo: 'numba'; tried: ['decimal_gemm_naive(A_int,B_int,return_counters=True)']"
16,16,auto,0,0.00028220005333423615,,,"call failed (TypeError): int() argument must be a string, a bytes-like object or a real number, not 'list'; tried: ['decimal_gemm_naive(A_list,B_list,return_counters=True)', 'decimal_gemm_naive(A_list,B_list)']"
16,16,auto,1,0.00019809999503195286,,,"call failed (TypeError): int() argument must be a string, a bytes-like object or a real number, not 'list'; tried: ['decimal_gemm_naive(A_list,B_list,return_counters=True)', 'decimal_gemm_naive(A_list,B_list)']"
16,16,schoolbook,0,1.850002445280552e-05,,,"call failed (TypeError): int() argument must be a string, a bytes-like object or a real number, not 'list'; tried: ['decimal_gemm_naive(A_list,B_list,return_counters=True)', 'decimal_gemm_naive(A_list,B_list)']"
16,16,schoolbook,1,1.880002673715353e-05,,,"call failed (TypeError): int() argument must be a string, a bytes-like object or a real number, not 'list'; tried: ['decimal_gemm_naive(A_list,B_list,return_counters=True)', 'decimal_gemm_naive(A_list,B_list)']"
16,16,karatsuba,0,1.7700018361210823e-05,,,"call failed (TypeError): int() argument must be a string, a bytes-like object or a real number, not 'list'; tried: ['decimal_gemm_naive(A_list,B_list,return_counters=True)', 'decimal_gemm_naive(A_list,B_list)']"
16,16,karatsuba,1,2.0900042727589607e-05,,,"call failed (TypeError): int() argument must be a string, a bytes-like object or a real number, not 'list'; tried: ['decimal_gemm_naive(A_list,B_list,return_counters=True)', 'decimal_gemm_naive(A_list,B_list)']"
16,16,strassen,0,1.1499971151351929e-05,,,"call failed (TypeError): int() argument must be a string, a bytes-like object or a real number, not 'list'; tried: ['decimal_gemm_naive(A_list,B_list,return_counters=True)', 'decimal_gemm_naive(A_list,B_list)']"
16,16,strassen,1,9.300070814788342e-06,,,"call failed (TypeError): int() argument must be a string, a bytes-like object or a real number, not 'list'; tried: ['decimal_gemm_naive(A_list,B_list,return_counters=True)', 'decimal_gemm_naive(A_list,B_list)']"
16,16,numba,0,1.8400023691356182e-05,,,"call failed (ValueError): Unknown mul_algo: 'numba'; tried: ['decimal_gemm_naive(A_list,B_list,return_counters=True)']"
16,16,numba,1,1.4099990949034691e-05,,,"call failed (ValueError): Unknown mul_algo: 'numba'; tried: ['decimal_gemm_naive(A_list,B_list,return_counters=True)']"
4,4,auto,0,,,
4,4,auto,1,,,
4,4,schoolbook,0,,,
4,4,schoolbook,1,,,
4,4,karatsuba,0,,,
4,4,karatsuba,1,,,
4,4,strassen,0,,,
4,4,strassen,1,,,
4,8,auto,0,,,
4,8,auto,1,,,
4,8,schoolbook,0,,,
4,8,schoolbook,1,,,
4,8,karatsuba,0,,,
4,8,karatsuba,1,,,
4,8,strassen,0,,,
4,8,strassen,1,,,
4,16,auto,0,,,
4,16,auto,1,,,
4,16,schoolbook,0,,,
4,16,schoolbook,1,,,
4,16,karatsuba,0,,,
4,16,karatsuba,1,,,
4,16,strassen,0,,,
4,16,strassen,1,,,
8,4,auto,0,,,
8,4,auto,1,,,
8,4,schoolbook,0,,,
8,4,schoolbook,1,,,
8,4,karatsuba,0,,,
8,4,karatsuba,1,,,
8,4,strassen,0,,,
8,4,strassen,1,,,
8,8,auto,0,,,
8,8,auto,1,,,
8,8,schoolbook,0,,,
8,8,schoolbook,1,,,
8,8,karatsuba,0,,,
8,8,karatsuba,1,,,
8,8,strassen,0,,,
8,8,strassen,1,,,
8,16,auto,0,,,
8,16,auto,1,,,
8,16,schoolbook,0,,,
8,16,schoolbook,1,,,
8,16,karatsuba,0,,,
8,16,karatsuba,1,,,
8,16,strassen,0,,,
8,16,strassen,1,,,
16,4,auto,0,,,
16,4,auto,1,,,
16,4,schoolbook,0,,,
16,4,schoolbook,1,,,
16,4,karatsuba,0,,,
16,4,karatsuba,1,,,
16,4,strassen,0,,,
16,4,strassen,1,,,
16,8,auto,0,,,
16,8,auto,1,,,
16,8,schoolbook,0,,,
16,8,schoolbook,1,,,
16,8,karatsuba,0,,,
16,8,karatsuba,1,,,
16,8,strassen,0,,,
16,8,strassen,1,,,
16,16,auto,0,,,
16,16,auto,1,,,
16,16,schoolbook,0,,,
16,16,schoolbook,1,,,
16,16,karatsuba,0,,,
16,16,karatsuba,1,,,
16,16,strassen,0,,,
16,16,strassen,1,,,
4,4,auto,0,,,
4,4,auto,1,,,
4,4,schoolbook,0,,,
4,4,schoolbook,1,,,
4,4,karatsuba,0,,,
4,4,karatsuba,1,,,
4,4,strassen,0,,,
4,4,strassen,1,,,
4,8,auto,0,,,
4,8,auto,1,,,
4,8,schoolbook,0,,,
4,8,schoolbook,1,,,
4,8,karatsuba,0,,,
4,8,karatsuba,1,,,
4,8,strassen,0,,,
4,8,strassen,1,,,
4,16,auto,0,,,
4,16,auto,1,,,
4,16,schoolbook,0,,,
4,16,schoolbook,1,,,
4,16,karatsuba,0,,,
4,16,karatsuba,1,,,
4,16,strassen,0,,,
4,16,strassen,1,,,
8,4,auto,0,,,
8,4,auto,1,,,
8,4,schoolbook,0,,,
8,4,schoolbook,1,,,
8,4,karatsuba,0,,,
8,4,karatsuba,1,,,
8,4,strassen,0,,,
8,4,strassen,1,,,
8,8,auto,0,,,
8,8,auto,1,,,
8,8,schoolbook,0,,,
8,8,schoolbook,1,,,
8,8,karatsuba,0,,,
8,8,karatsuba,1,,,
8,8,strassen,0,,,
8,8,strassen,1,,,
8,16,auto,0,,,
8,16,auto,1,,,
8,16,schoolbook,0,,,
8,16,schoolbook,1,,,
8,16,karatsuba,0,,,
8,16,karatsuba,1,,,
8,16,strassen,0,,,
8,16,strassen,1,,,
16,4,auto,0,,,
16,4,auto,1,,,
16,4,schoolbook,0,,,
16,4,schoolbook,1,,,
16,4,karatsuba,0,,,
16,4,karatsuba,1,,,
16,4,strassen,0,,,
16,4,strassen,1,,,
16,8,auto,0,,,
16,8,auto,1,,,
16,8,schoolbook,0,,,
16,8,schoolbook,1,,,
16,8,karatsuba,0,,,
16,8,karatsuba,1,,,
16,8,strassen,0,,,
16,8,strassen,1,,,
16,16,auto,0,,,
16,16,auto,1,,,
16,16,schoolbook,0,,,
16,16,schoolbook,1,,,
16,16,karatsuba,0,,,
16,16,karatsuba,1,,,
16,16,strassen,0,,,
16,16,strassen,1,,,
4,4,auto,0,,,
4,4,auto,1,,,
4,4,schoolbook,0,,,
4,4,schoolbook,1,,,
4,4,karatsuba,0,,,
4,4,karatsuba,1,,,
4,4,strassen,0,,,
4,4,strassen,1,,,
4,8,auto,0,,,
4,8,auto,1,,,
4,8,schoolbook,0,,,
4,8,schoolbook,1,,,
4,8,karatsuba,0,,,
4,8,karatsuba,1,,,
4,8,strassen,0,,,
4,8,strassen,1,,,
4,16,auto,0,,,
4,16,auto,1,,,
4,16,schoolbook,0,,,
4,16,schoolbook,1,,,
4,16,karatsuba,0,,,
4,16,karatsuba,1,,,
4,16,strassen,0,,,
4,16,strassen,1,,,
8,4,auto,0,,,
8,4,auto,1,,,
8,4,schoolbook,0,,,
8,4,schoolbook,1,,,
8,4,karatsuba,0,,,
8,4,karatsuba,1,,,
8,4,strassen,0,,,
8,4,strassen,1,,,
8,8,auto,0,,,
8,8,auto,1,,,
8,8,schoolbook,0,,,
8,8,schoolbook,1,,,
8,8,karatsuba,0,,,
8,8,karatsuba,1,,,
8,8,strassen,0,,,
8,8,strassen,1,,,
8,16,auto,0,,,
8,16,auto,1,,,
8,16,schoolbook,0,,,
8,16,schoolbook,1,,,
8,16,karatsuba,0,,,
8,16,karatsuba,1,,,
8,16,strassen,0,,,
8,16,strassen,1,,,
16,4,auto,0,,,
16,4,auto,1,,,
16,4,schoolbook,0,,,
16,4,schoolbook,1,,,
16,4,karatsuba,0,,,
16,4,karatsuba,1,,,
16,4,strassen,0,,,
16,4,strassen,1,,,
16,8,auto,0,,,
16,8,auto,1,,,
16,8,schoolbook,0,,,
16,8,schoolbook,1,,,
16,8,karatsuba,0,,,
16,8,karatsuba,1,,,
16,8,strassen,0,,,
16,8,strassen,1,,,
16,16,auto,0,,,
16,16,auto,1,,,
16,16,schoolbook,0,,,
16,16,schoolbook,1,,,
16,16,karatsuba,0,,,
16,16,karatsuba,1,,,
16,16,strassen,0,,,
16,16,strassen,1,,,
4,4,auto,0,,,
4,4,auto,1,,,
4,4,schoolbook,0,,,
4,4,schoolbook,1,,,
4,4,karatsuba,0,,,
4,4,karatsuba,1,,,
4,4,strassen,0,,,
4,4,strassen,1,,,
4,8,auto,0,,,
4,8,auto,1,,,
4,8,schoolbook,0,,,
4,8,schoolbook,1,,,
4,8,karatsuba,0,,,
4,8,karatsuba,1,,,
4,8,strassen,0,,,
4,8,strassen,1,,,
4,16,auto,0,,,
4,16,auto,1,,,
4,16,schoolbook,0,,,
4,16,schoolbook,1,,,
4,16,karatsuba,0,,,
4,16,karatsuba,1,,,
4,16,strassen,0,,,
4,16,strassen,1,,,
8,4,auto,0,,,
8,4,auto,1,,,
8,4,schoolbook,0,,,
8,4,schoolbook,1,,,
8,4,karatsuba,0,,,
8,4,karatsuba,1,,,
8,4,strassen,0,,,
8,4,strassen,1,,,
8,8,auto,0,,,
8,8,auto,1,,,
8,8,schoolbook,0,,,
8,8,schoolbook,1,,,
8,8,karatsuba,0,,,
8,8,karatsuba,1,,,
8,8,strassen,0,,,
8,8,strassen,1,,,
8,16,auto,0,,,
8,16,auto,1,,,
8,16,schoolbook,0,,,
8,16,schoolbook,1,,,
8,16,karatsuba,0,,,
8,16,karatsuba,1,,,
8,16,strassen,0,,,
8,16,strassen,1,,,
16,4,auto,0,,,
16,4,auto,1,,,
16,4,schoolbook,0,,,
16,4,schoolbook,1,,,
16,4,karatsuba,0,,,
16,4,karatsuba,1,,,
16,4,strassen,0,,,
16,4,strassen,1,,,
16,8,auto,0,,,
16,8,auto,1,,,
16,8,schoolbook,0,,,
16,8,schoolbook,1,,,
16,8,karatsuba,0,,,
16,8,karatsuba,1,,,
16,8,strassen,0,,,
16,8,strassen,1,,,
16,16,auto,0,,,
16,16,auto,1,,,
16,16,schoolbook,0,,,
16,16,schoolbook,1,,,
16,16,karatsuba,0,,,
16,16,karatsuba,1,,,
16,16,strassen,0,,,
16,16,strassen,1,,,
